id,name,model_id:id,group_id:id,perm_read,perm_write,perm_create,perm_unlink
bad_task_checklist.access_checklist_item_project_manager,access_checklist_item,bad_task_checklist.model_checklist_item,project.group_project_manager,1,1,1,1
bad_task_checklist.access_checklist_item,access_checklist_item,bad_task_checklist.model_checklist_item,base.group_user,1,0,0,0
bad_task_checklist.access_checklist_checklist_project_manager,access_checklist_checklist,bad_task_checklist.model_checklist_checklist,project.group_project_manager,1,1,1,1
bad_task_checklist.access_checklist_checklist,access_checklist_checklist,bad_task_checklist.model_checklist_checklist,base.group_user,1,0,0,0
bad_task_checklist.access_task_checklist_item_project_mananger,access_task_checklist_item,bad_task_checklist.model_task_checklist_item,project.group_project_manager,1,1,1,1
bad_task_checklist.access_task_checklist_item,access_task_checklist_item,bad_task_checklist.model_task_checklist_item,base.group_user,1,0,0,0
